{
  "datasets": {
    "pubmed": {
      "preprocess_graph_diff": {
        "0.5000": {
          "1": 0.011975125409662724,
          "2": 0.22809216706082225,
          "3": 2.1236054161563516,
          "4": 19.852310207672417,
          "5": 68.21384220803156
        }
      },
      "process_closed_form_graph_diff": {
        "0.5000": {
          "1": 204.89028729172423,
          "2": 199.90914649982005,
          "3": 198.4290105002001,
          "4": 204.5801010839641,
          "5": 217.83861299976707
        }
      },
      "process_sumpow_graph_diff": {
        "0.5000": {
          "1": 0.039962582755833864,
          "2": 0.2965685836970806,
          "3": 2.4018275002017617,
          "4": 20.27274425001815,
          "5": 68.88089366722852
        }
      }
    }
  },
  "metadata": {
    "hops": [
      1,
      2,
      3,
      4,
      5
    ],
    "diff_alphas": [
      0.5
    ],
    "created_utc": "20251108_060713",
    "data_dir": "/Users/jc/Desktop/main/adjustable_single_term_graph_diffusion_learning/simplified_graph_diffusion/data"
  }
}