{
  "datasets": {
    "arx": {
      "preprocess_graph_diff": {
        "0.5000": {
          "1": 0.005229333881288767,
          "2": 0.03247358277440071,
          "3": 0.1492349999025464,
          "4": 0.5573384580202401,
          "5": 1.5085888747125864
        }
      },
      "process_closed_form_graph_diff": {
        "0.5000": {
          "1": 13.801469457801431,
          "2": 13.755606584250927,
          "3": 13.966661333106458,
          "4": 14.195575749967247,
          "5": 14.585212457925081
        }
      },
      "process_sumpow_graph_diff": {
        "0.5000": {
          "1": 0.018075916916131973,
          "2": 0.03640991682186723,
          "3": 0.15451141586527228,
          "4": 0.6089134169742465,
          "5": 1.6969513329677284
        }
      }
    }
  },
  "metadata": {
    "hops": [
      1,
      2,
      3,
      4,
      5
    ],
    "diff_alphas": [
      0.5
    ],
    "created_utc": "20251108_060949",
    "data_dir": "/Users/jc/Desktop/main/adjustable_single_term_graph_diffusion_learning/simplified_graph_diffusion/data"
  }
}