{
  "datasets": {
    "cora": {
      "preprocess_graph_diff": {
        "0.5000": {
          "1": 0.0018832078203558922,
          "2": 0.012852958869189024,
          "3": 0.051369958091527224,
          "4": 0.17474258271977305,
          "5": 0.41918891621753573
        }
      },
      "process_closed_form_graph_diff": {
        "0.5000": {
          "1": 0.8051874171942472,
          "2": 0.7919016666710377,
          "3": 0.823345999699086,
          "4": 0.8499938333407044,
          "5": 0.9271238329820335
        }
      },
      "process_sumpow_graph_diff": {
        "0.5000": {
          "1": 0.002670582849532366,
          "2": 0.01370766619220376,
          "3": 0.053218916058540344,
          "4": 0.18168466677889228,
          "5": 0.4451453750953078
        }
      }
    }
  },
  "metadata": {
    "hops": [
      1,
      2,
      3,
      4,
      5
    ],
    "diff_alphas": [
      0.5
    ],
    "created_utc": "20251108_061702",
    "data_dir": "/Users/jc/Desktop/main/adjustable_single_term_graph_diffusion_learning/simplified_graph_diffusion/data",
    "datasets": [
      "cora"
    ]
  }
}