{
  "datasets": {
    "citeseer": {
      "preprocess_graph_diff": {
        "0.5000": {
          "1": 0.0020052921026945114,
          "2": 0.006824416574090719,
          "3": 0.022732249926775694,
          "4": 0.048457249999046326,
          "5": 0.10179199976846576
        }
      },
      "process_closed_form_graph_diff": {
        "0.5000": {
          "1": 1.3354850001633167,
          "2": 1.2427709577605128,
          "3": 1.2613801662810147,
          "4": 1.2880407911725342,
          "5": 1.2877420000731945
        }
      },
      "process_sumpow_graph_diff": {
        "0.5000": {
          "1": 0.0025007501244544983,
          "2": 0.007034458220005035,
          "3": 0.022503666579723358,
          "4": 0.053336374927312136,
          "5": 0.11048199981451035
        }
      }
    }
  },
  "metadata": {
    "hops": [
      1,
      2,
      3,
      4,
      5
    ],
    "diff_alphas": [
      0.5
    ],
    "created_utc": "20251108_053540",
    "data_dir": "/Users/jc/Desktop/main/adjustable_single_term_graph_diffusion_learning/simplified_graph_diffusion/data"
  }
}