{
  "datasets": {
    "cora": {
      "preprocess_graph_diff": {
        "0.5000": {
          "1": 0.002285083755850792,
          "2": 0.013244499918073416,
          "3": 0.06360991578549147,
          "4": 0.21793762501329184,
          "5": 0.43763537472113967
        }
      },
      "process_closed_form_graph_diff": {
        "0.5000": {
          "1": 0.8553464999422431,
          "2": 0.7843115837313235,
          "3": 0.818439292255789,
          "4": 0.8498867079615593,
          "5": 0.9242737079039216
        }
      },
      "process_sumpow_graph_diff": {
        "0.5000": {
          "1": 0.002417250070720911,
          "2": 0.013626291882246733,
          "3": 0.052628166042268276,
          "4": 0.18420483311638236,
          "5": 0.4495465410873294
        }
      }
    }
  },
  "metadata": {
    "hops": [
      1,
      2,
      3,
      4,
      5
    ],
    "diff_alphas": [
      0.5
    ],
    "created_utc": "20251108_053415",
    "data_dir": "/Users/jc/Desktop/main/adjustable_single_term_graph_diffusion_learning/simplified_graph_diffusion/data"
  }
}