{
  "datasets": {
    "cora": {
      "preprocess_graph_diff": {
        "0.5000": {
          "1": 0.002171957865357399,
          "2": 0.015619332902133465,
          "3": 0.06112829176709056,
          "4": 0.20313229132443666,
          "5": 0.4762952080927789
        }
      },
      "process_closed_form_graph_diff": {
        "0.5000": {
          "1": 0.9615846667438745,
          "2": 0.8833431671373546,
          "3": 0.9083255003206432,
          "4": 0.9711774582974613,
          "5": 1.0411845832131803
        }
      }
    },
    "citeseer": {
      "preprocess_graph_diff": {
        "0.5000": {
          "1": 0.0022547091357409954,
          "2": 0.008866624906659126,
          "3": 0.024496208876371384,
          "4": 0.05377512518316507,
          "5": 0.10930708283558488
        }
      },
      "process_closed_form_graph_diff": {
        "0.5000": {
          "1": 1.479491958860308,
          "2": 1.4045495418831706,
          "3": 1.4304430838674307,
          "4": 1.4507744582369924,
          "5": 1.3947344589978456
        }
      }
    },
    "pubmed": {
      "preprocess_graph_diff": {
        "0.5000": {
          "1": 0.013607167173177004,
          "2": 0.24159074993804097,
          "3": 2.1691786656156182,
          "4": 20.066821542102844,
          "5": 69.10874591674656
        }
      },
      "process_closed_form_graph_diff": {
        "0.5000": {
          "1": 208.9679226251319,
          "2": 206.02067491598427,
          "3": 206.80199562525377,
          "4": 212.19820587523282,
          "5": 228.00687479088083
        }
      }
    },
    "arx": {
      "preprocess_graph_diff": {
        "0.5000": {
          "1": 0.01008429192006588,
          "2": 0.03749712510034442,
          "3": 0.16558295767754316,
          "4": 0.6122186668217182,
          "5": 1.6616171249188483
        }
      },
      "process_closed_form_graph_diff": {
        "0.5000": {
          "1": 14.904261417221278,
          "2": 15.125609832815826,
          "3": 15.073394584003836,
          "4": 15.216259124688804,
          "5": 15.549100124742836
        }
      }
    }
  },
  "metadata": {
    "hops": [
      1,
      2,
      3,
      4,
      5
    ],
    "diff_alphas": [
      0.5
    ],
    "created_utc": "20251110_065835",
    "data_dir": "/Users/jc/Desktop/main/adjustable_single_term_graph_diffusion_learning/simplified_graph_diffusion/data",
    "datasets": [
      "cora",
      "citeseer",
      "pubmed",
      "arx"
    ]
  }
}