{
  "datasets": {
    "citeseer": {
      "preprocess_graph_diff": {
        "0.5000": {
          "1": 0.0019240407273173332,
          "2": 0.006438707932829857,
          "3": 0.021624958142638206,
          "4": 0.050544416066259146,
          "5": 0.12190708285197616
        }
      },
      "process_closed_form_graph_diff": {
        "0.5000": {
          "1": 1.2820353750139475,
          "2": 1.2342495839111507,
          "3": 1.256015167105943,
          "4": 1.2800305001437664,
          "5": 1.3031401671469212
        }
      },
      "process_sumpow_graph_diff": {
        "0.5000": {
          "1": 0.002515499945729971,
          "2": 0.007679665926843882,
          "3": 0.022940958850085735,
          "4": 0.055919041857123375,
          "5": 0.11238524969667196
        }
      }
    }
  },
  "metadata": {
    "hops": [
      1,
      2,
      3,
      4,
      5
    ],
    "diff_alphas": [
      0.5
    ],
    "created_utc": "20251108_061720",
    "data_dir": "/Users/jc/Desktop/main/adjustable_single_term_graph_diffusion_learning/simplified_graph_diffusion/data",
    "datasets": [
      "citeseer"
    ]
  }
}